"order_id","item_type","sales_channel","order_priority","order_date","ship_date"
686800706,"Cosmetics","Offline","M","10/18/2014","10/31/2014"
185941302,"Vegetables","Online","M","11-07-2011","12-08-2011"
246222341,"Baby Food","Offline","C","10/31/2016","12-09-2016"
161442649,"Cereal","Offline","C","04-10-2010","05-12-2010"
645713555,"Fruits","Offline","H","8/16/2011","8/31/2011"
683458888,"Cereal","Online","H","11/24/2014","12/28/2014"
679414975,"Cereal","Online","H","03-04-2015","4/17/2015"
208630645,"Clothes","Offline","M","5/17/2012","6/28/2012"
266467225,"Vegetables","Online","H","1/29/2015","03-07-2015"
118598544,"Vegetables","Offline","H","12/24/2013","1/19/2014"
451010930,"Clothes","Online","M","12/29/2015","1/19/2016"
220003211,"Snacks","Offline","M","2/27/2010","3/18/2010"
702186715,"Household","Online","C","11/17/2016","12/22/2016"
544485270,"Cosmetics","Online","C","12/20/2015","01-05-2016"
714135205,"Fruits","Offline","L","01-08-2011","02-06-2011"
448685348,"Clothes","Offline","H","6/28/2010","7/22/2010"
405997025,"Office Supplies","Online","H","4/25/2016","05-12-2016"
414244067,"Beverages","Online","M","7/27/2012","08-07-2012"
821912801,"Clothes","Online","C","09-08-2014","10-03-2014"
247802054,"Household","Offline","L","8/27/2012","09-08-2012"
531023156,"Snacks","Online","C","09-03-2012","10/15/2012"
880999934,"Clothes","Online","L","8/27/2010","9/16/2010"
127468717,"Personal Care","Online","H","2/20/2011","03-09-2011"
770478332,"Clothes","Online","L","12-12-2015","1/24/2016"
430390107,"Cereal","Online","H","10/28/2012","11/13/2012"
397877871,"Beverages","Online","M","1/30/2017","3/20/2017"
683927953,"Beverages","Offline","M","10/22/2014","11-04-2014"
469839179,"Fruits","Offline","M","1/31/2012","2/22/2012"
357222878,"Meat","Offline","H","1/20/2016","03-09-2016"
118002879,"Personal Care","Online","C","01-01-2016","01-07-2016"
944415509,"Beverages","Offline","C","06-01-2017","6/23/2017"
499009597,"Office Supplies","Online","H","6/30/2015","07-09-2015"
564646470,"Fruits","Online","L","1/28/2014","3/16/2014"
294499957,"Baby Food","Offline","M","04-08-2014","04-08-2014"
262056386,"Beverages","Offline","L","09-04-2010","10/24/2010"
211114585,"Office Supplies","Online","M","05-02-2010","5/14/2010"
405785882,"Office Supplies","Offline","H","10-03-2013","10/22/2013"
280494105,"Vegetables","Offline","M","03-06-2011","4/14/2011"
689975583,"Baby Food","Online","L","08-07-2016","08-12-2016"
759279143,"Office Supplies","Online","L","01-11-2011","2/18/2011"
133766114,"Office Supplies","Offline","C","5/21/2014","06-12-2014"
329110324,"Beverages","Online","M","08-03-2013","09-02-2013"
681298100,"Meat","Online","L","10-05-2011","11/20/2011"
596628272,"Snacks","Offline","L","11/15/2016","12/30/2016"
901712167,"Office Supplies","Offline","L","04-03-2015","4/17/2015"
693473613,"Beverages","Online","M","3/22/2013","4/21/2013"
489148938,"Meat","Online","C","08-02-2010","09-01-2010"
876286971,"Household","Online","L","01-05-2012","2/15/2012"
262749040,"Personal Care","Offline","H","8/26/2015","8/30/2015"
726708972,"Meat","Online","H","12-09-2016","1/26/2017"
366653096,"Vegetables","Online","L","5/17/2012","5/31/2012"
951380240,"Vegetables","Online","M","11/17/2010","12/20/2010"
270001733,"Cosmetics","Online","M","11/13/2014","01-01-2015"
681941401,"Beverages","Online","C","6/16/2016","7/28/2016"
566935575,"Fruits","Online","L","5/31/2016","06-07-2016"
175033080,"Snacks","Offline","M","10-06-2012","11-05-2012"
276595246,"Office Supplies","Offline","L","03-10-2012","3/15/2012"
812295901,"Office Supplies","Online","M","1/26/2011","2/13/2011"
443121373,"Vegetables","Offline","C","06-02-2014","6/19/2014"
600370490,"Personal Care","Offline","H","12/17/2016","1/25/2017"
535654580,"Office Supplies","Online","L","6/27/2014","7/29/2014"
470897471,"Cosmetics","Offline","H","3/17/2015","4/22/2015"
248335492,"Beverages","Offline","L","04-03-2013","04-04-2013"
680517470,"Clothes","Offline","C","03-08-2015","3/25/2015"
400304734,"Personal Care","Online","M","6/21/2013","7/29/2013"
810871112,"Office Supplies","Offline","C","01-06-2013","01-08-2013"
235702931,"Cereal","Online","L","3/17/2012","04-03-2012"
668599021,"Office Supplies","Offline","C","4/18/2014","05-12-2014"
123670709,"Baby Food","Online","M","01-03-2016","02-01-2016"
285341823,"Office Supplies","Online","L","05-12-2011","06-08-2011"
658348691,"Fruits","Online","H","7/29/2010","8/22/2010"
817740142,"Baby Food","Offline","L","08-02-2013","8/19/2013"
858877503,"Beverages","Offline","H","10/23/2013","11-06-2013"
947434604,"Vegetables","Offline","M","02-05-2017","2/19/2017"
869397771,"Meat","Offline","H","3/20/2015","4/17/2015"
481065833,"Personal Care","Offline","L","05-06-2012","05-08-2012"
159050118,"Meat","Online","C","9/30/2013","10-01-2013"
350274455,"Office Supplies","Online","M","5/20/2014","6/14/2014"
221975171,"Cereal","Online","L","04-09-2010","5/17/2010"
811701095,"Office Supplies","Online","C","06-09-2017","7/19/2017"
977313554,"Cereal","Online","L","02-08-2015","3/29/2015"
546986377,"Snacks","Offline","L","1/25/2010","02-10-2010"
769205892,"Fruits","Offline","L","03-07-2010","3/17/2010"
262770926,"Clothes","Offline","M","01-03-2013","02-08-2013"
866792809,"Snacks","Online","M","03-06-2017","3/18/2017"
890695369,"Beverages","Offline","C","01-09-2011","2/23/2011"
964214932,"Cereal","Offline","M","3/27/2014","3/31/2014"
887400329,"Snacks","Online","C","6/28/2013","8/17/2013"
980612885,"Beverages","Offline","M","09-04-2011","09-04-2011"
734526431,"Clothes","Offline","M","7/14/2016","08-02-2016"
160127294,"Baby Food","Online","L","2/23/2014","3/23/2014"
238714301,"Clothes","Offline","L","08-07-2010","9/13/2010"
671898782,"Household","Online","M","1/14/2013","02-06-2013"
331604564,"Personal Care","Offline","H","9/30/2010","11/17/2010"
410067975,"Cereal","Online","M","10/13/2016","11/20/2016"
369837844,"Snacks","Offline","L","3/16/2011","3/23/2011"
193775498,"Fruits","Online","L","12/26/2012","1/31/2013"
835054767,"Clothes","Online","M","09-02-2015","10-09-2015"
167161977,"Household","Offline","C","11-11-2013","12/24/2013"
633895957,"Vegetables","Offline","C","08-04-2014","8/22/2014"
699368035,"Clothes","Offline","C","10/21/2010","12-07-2010"
698002040,"Vegetables","Offline","L","6/13/2015","7/29/2015"
584534299,"Snacks","Offline","H","3/29/2012","5/18/2012"
384013640,"Vegetables","Online","L","6/22/2012","7/19/2012"
641801393,"Personal Care","Online","M","05-10-2013","5/24/2013"
173571383,"Personal Care","Online","M","12-10-2016","01-11-2017"
115309941,"Snacks","Offline","H","3/20/2011","04-06-2011"
773315894,"Cosmetics","Offline","L","9/22/2011","11-04-2011"
274200570,"Beverages","Online","M","05-11-2012","6/26/2012"
414887797,"Clothes","Offline","M","11/15/2011","11/17/2011"
812613904,"Beverages","Offline","L","1/27/2010","1/29/2010"
254927718,"Baby Food","Online","H","8/17/2011","09-07-2011"
749690568,"Beverages","Offline","M","09-06-2014","10/26/2014"
775076282,"Cereal","Offline","C","09-03-2014","9/19/2014"
229571187,"Office Supplies","Online","H","09-05-2015","9/18/2015"
881974112,"Baby Food","Online","C","6/20/2011","07-11-2011"
521396386,"Snacks","Online","L","01-12-2012","2/14/2012"
607261836,"Household","Online","C","1/23/2017","2/22/2017"
419306790,"Vegetables","Online","M","03-04-2012","03-12-2012"
207580077,"Meat","Offline","H","7/18/2010","7/18/2010"
742443025,"Snacks","Online","M","04-12-2011","4/15/2011"
164569461,"Snacks","Offline","M","10-03-2010","10-05-2010"
734945714,"Baby Food","Online","L","12/29/2013","02-12-2014"
284870612,"Clothes","Offline","C","9/19/2015","10-07-2015"
765955483,"Fruits","Offline","M","9/17/2011","10-07-2011"
600124156,"Snacks","Offline","H","03-11-2010","4/21/2010"
529612958,"Household","Offline","L","11-10-2012","12-11-2012"
466970717,"Clothes","Offline","H","2/16/2011","3/18/2011"
845058763,"Cosmetics","Online","C","8/13/2012","9/22/2012"
367050921,"Snacks","Offline","L","8/28/2014","8/31/2014"
956433522,"Office Supplies","Online","L","8/19/2015","09-12-2015"
107005393,"Beverages","Online","C","3/20/2011","05-04-2011"
332877862,"Beverages","Offline","C","4/16/2013","05-07-2013"
618474757,"Baby Food","Online","L","11/13/2015","12/31/2015"
468532407,"Household","Online","M","01-10-2014","02-11-2014"
358099639,"Office Supplies","Offline","M","04-09-2015","4/29/2015"
382537782,"Household","Online","H","01-07-2013","1/27/2013"
707520663,"Personal Care","Offline","H","02-12-2013","3/15/2013"
219034612,"Meat","Online","M","11/28/2014","12-10-2014"
573378455,"Meat","Offline","M","01-03-2015","1/17/2015"
347163522,"Personal Care","Online","H","02-03-2011","3/22/2011"
887313640,"Snacks","Offline","M","04-09-2013","4/21/2013"
461065137,"Cosmetics","Online","H","7/26/2017","8/19/2017"
105966842,"Fruits","Offline","H","4/15/2017","5/19/2017"
479880082,"Baby Food","Online","M","5/16/2014","5/23/2014"
510978686,"Baby Food","Online","H","08-12-2015","9/30/2015"
547748982,"Snacks","Offline","C","9/20/2013","10/14/2013"
108989799,"Cereal","Offline","M","10/31/2013","12-09-2013"
133812463,"Cereal","Offline","M","7/30/2014","08-09-2014"
731640803,"Fruits","Offline","L","11-12-2011","12/30/2011"
732211148,"Snacks","Offline","C","3/25/2010","4/14/2010"
835572326,"Cereal","Online","M","07-04-2011","08-08-2011"
462085664,"Baby Food","Offline","C","01-01-2011","1/15/2011"
902424991,"Clothes","Online","C","6/16/2016","07-04-2016"
367576634,"Fruits","Offline","H","12/17/2013","01-05-2014"
738839423,"Meat","Offline","H","03-01-2017","3/31/2017"
817824685,"Baby Food","Online","C","07-02-2010","7/27/2010"
376456248,"Snacks","Online","C","7/16/2013","08-01-2013"
606970441,"Office Supplies","Online","H","8/16/2016","9/16/2016"
971916091,"Meat","Offline","L","12/16/2014","1/19/2015"
554154527,"Office Supplies","Offline","L","5/14/2012","5/15/2012"
306859576,"Household","Online","L","7/18/2017","7/19/2017"
803517568,"Personal Care","Offline","L","07-09-2017","7/21/2017"
887927329,"Office Supplies","Online","C","9/30/2011","10-02-2011"
824200189,"Vegetables","Online","H","11/24/2015","11/26/2015"
946759974,"Office Supplies","Online","H","8/14/2012","9/14/2012"
310343015,"Clothes","Offline","H","12-06-2015","12/28/2015"
739998137,"Vegetables","Online","C","5/25/2014","07-09-2014"
981086671,"Beverages","Online","H","10/18/2012","11/21/2012"
749282443,"Office Supplies","Offline","L","3/13/2013","3/25/2013"
280571782,"Office Supplies","Online","C","2/23/2011","03-11-2011"
781253516,"Household","Online","C","8/15/2014","09-01-2014"
377938973,"Personal Care","Online","H","07-06-2017","07-11-2017"
867551982,"Clothes","Offline","C","12/31/2010","01-03-2011"
967328870,"Personal Care","Offline","C","1/13/2010","1/15/2010"
364818465,"Office Supplies","Offline","C","9/17/2011","10/16/2011"
167882096,"Office Supplies","Online","C","03-08-2014","3/31/2014"
654693591,"Clothes","Online","H","11/18/2012","12-01-2012"
823739278,"Personal Care","Offline","H","11/18/2011","12/29/2011"
643817985,"Beverages","Offline","L","07-12-2012","8/19/2012"
604041039,"Personal Care","Offline","H","3/30/2017","5/15/2017"
363832271,"Personal Care","Online","H","7/26/2010","09-12-2010"
102928006,"Personal Care","Online","L","12/24/2015","1/31/2016"
971377074,"Office Supplies","Offline","M","5/15/2016","5/15/2016"
139540803,"Meat","Online","L","11-03-2010","12-04-2010"
248093020,"Meat","Offline","M","12-01-2010","12/16/2010"
858020055,"Snacks","Offline","L","1/16/2014","1/17/2014"
700620734,"Baby Food","Offline","H","12-11-2014","01-05-2015"
827506387,"Cosmetics","Offline","L","12/24/2016","1/30/2017"
560600841,"Household","Online","M","3/21/2013","4/14/2013"
642140424,"Personal Care","Offline","H","12-08-2012","1/16/2013"
984673964,"Baby Food","Offline","C","2/13/2015","03-05-2015"
221062791,"Beverages","Online","L","3/28/2012","4/18/2012"
654480731,"Vegetables","Offline","L","10-07-2016","11-08-2016"
608414113,"Beverages","Offline","C","12/15/2011","12/23/2011"
276661765,"Household","Online","L","03-08-2016","4/20/2016"
373335015,"Baby Food","Online","L","1/18/2011","2/28/2011"
782857692,"Clothes","Online","L","04-11-2013","5/28/2013"
109966123,"Fruits","Online","H","5/18/2010","06-05-2010"
629709136,"Cereal","Offline","M","06-05-2017","06-06-2017"
637448060,"Personal Care","Online","L","09-11-2012","9/15/2012"
298856723,"Baby Food","Online","H","03-08-2017","04-03-2017"
299921452,"Household","Offline","L","1/28/2015","2/23/2015"
496941077,"Personal Care","Offline","M","7/26/2010","7/29/2010"
366526925,"Snacks","Online","L","6/24/2016","7/14/2016"
355602824,"Meat","Offline","M","8/18/2012","9/15/2012"
531405103,"Vegetables","Online","C","03-11-2010","4/19/2010"
131482589,"Vegetables","Offline","M","1/14/2010","1/20/2010"
713696610,"Cereal","Online","L","02-10-2014","3/28/2014"
306220996,"Vegetables","Online","C","1/21/2014","1/30/2014"
157542073,"Household","Offline","L","2/28/2010","3/15/2010"
686458671,"Personal Care","Online","L","2/18/2015","03-08-2015"
132082116,"Office Supplies","Online","M","6/14/2012","7/22/2012"
403836238,"Clothes","Online","L","03-05-2013","04-03-2013"
331457364,"Household","Online","C","04-10-2014","4/23/2014"
614994323,"Meat","Online","H","7/26/2017","09-12-2017"
674808442,"Fruits","Offline","L","10/19/2010","10/24/2010"
901573550,"Baby Food","Offline","L","11-08-2016","12/23/2016"
406275975,"Clothes","Online","L","3/31/2014","05-10-2014"
170214545,"Vegetables","Online","C","8/18/2016","8/19/2016"
795000588,"Personal Care","Offline","C","01-03-2016","01-08-2016"
252557933,"Fruits","Offline","C","10/21/2016","11-04-2016"
635122907,"Baby Food","Offline","M","12-10-2016","12/13/2016"
505244338,"Vegetables","Online","C","08-12-2011","9/19/2011"
745783555,"Clothes","Offline","H","3/23/2012","05-09-2012"
509914386,"Snacks","Offline","M","4/27/2012","06-11-2012"
371123158,"Household","Online","M","1/29/2014","02-09-2014"
973208701,"Household","Online","H","12/13/2016","12/28/2016"
780282342,"Baby Food","Online","L","11/21/2013","12/27/2013"
126767909,"Clothes","Online","H","04-07-2010","5/22/2010"
767401731,"Baby Food","Online","M","07-08-2012","7/30/2012"
927232635,"Personal Care","Online","L","10/15/2016","11/24/2016"
251621949,"Meat","Offline","M","9/18/2012","10/20/2012"
256243503,"Office Supplies","Offline","H","07-02-2017","7/23/2017"
277083623,"Cosmetics","Offline","C","7/21/2011","09-02-2011"
620441138,"Vegetables","Offline","L","06-01-2010","6/22/2010"
312927377,"Office Supplies","Offline","M","7/26/2015","09-07-2015"
251466166,"Baby Food","Offline","L","08-06-2010","09-08-2010"
953293836,"Office Supplies","Online","H","6/20/2010","7/22/2010"
305959212,"Cereal","Online","C","04-08-2012","4/23/2012"
317323625,"Cereal","Online","L","2/27/2014","3/24/2014"
365560901,"Household","Offline","L","7/25/2011","09-01-2011"
349157369,"Baby Food","Online","M","2/18/2016","04-05-2016"
236911857,"Baby Food","Online","L","1/24/2014","2/25/2014"
517935693,"Personal Care","Offline","H","05-10-2015","6/16/2015"
851652705,"Clothes","Offline","C","2/13/2012","3/27/2012"
517799222,"Cereal","Offline","M","09-07-2012","10/23/2012"
666424071,"Office Supplies","Offline","C","02-04-2015","03-04-2015"
267888581,"Fruits","Offline","C","11/16/2010","12/22/2010"
162866580,"Vegetables","Online","L","7/20/2011","7/26/2011"
812344396,"Beverages","Offline","H","7/26/2014","8/30/2014"
947620856,"Meat","Online","M","8/24/2014","09-03-2014"
720307290,"Vegetables","Online","H","2/25/2015","3/28/2015"
352327525,"Household","Online","H","9/21/2016","10/27/2016"
585917890,"Household","Online","C","6/28/2013","7/23/2013"
433627212,"Meat","Offline","L","01-05-2012","2/13/2012"
328316819,"Beverages","Online","C","05-01-2012","5/30/2012"
773160541,"Cereal","Offline","C","10/13/2011","11/21/2011"
991644704,"Household","Online","M","4/27/2016","5/18/2016"
277568137,"Meat","Online","M","1/19/2014","02-07-2014"
245042169,"Fruits","Online","C","11-06-2016","12/15/2016"
778490626,"Household","Online","M","2/28/2011","3/24/2011"
482649838,"Baby Food","Online","C","10-11-2014","11/13/2014"
732568633,"Beverages","Online","L","6/25/2012","07-05-2012"
723608338,"Household","Online","M","11-06-2012","11/23/2012"
621442782,"Household","Offline","H","2/24/2014","4/14/2014"
212058293,"Baby Food","Offline","M","9/19/2015","10-06-2015"
251753699,"Snacks","Offline","L","03-04-2014","3/24/2014"
217140328,"Fruits","Online","M","10-08-2014","10/30/2014"
555142009,"Vegetables","Online","C","6/19/2012","07-10-2012"
432995069,"Clothes","Online","C","11-11-2010","12/13/2010"
888248336,"Personal Care","Offline","H","11-01-2010","11-07-2010"
778763139,"Vegetables","Online","C","4/28/2014","05-09-2014"
832713305,"Snacks","Offline","H","12/22/2012","02-09-2013"
498585164,"Household","Offline","M","8/25/2014","9/29/2014"
195177543,"Fruits","Offline","M","11/26/2016","12/23/2016"
861601769,"Cereal","Online","C","10/20/2010","12-02-2010"
807281672,"Meat","Online","H","12/18/2014","1/26/2015"
661953580,"Clothes","Offline","H","3/20/2011","4/24/2011"
225666320,"Cosmetics","Online","M","07-12-2016","8/21/2016"
718781220,"Household","Offline","L","1/26/2011","2/19/2011"
731972110,"Office Supplies","Online","L","2/24/2010","4/15/2010"
276225316,"Vegetables","Online","C","01-02-2015","02-09-2015"
332839667,"Office Supplies","Offline","C","7/26/2016","7/27/2016"
603426492,"Vegetables","Online","C","06-01-2014","6/15/2014"
859909617,"Beverages","Offline","H","12/21/2012","1/29/2013"
494525372,"Household","Online","L","2/27/2010","03-02-2010"
769822585,"Vegetables","Online","M","4/24/2016","5/15/2016"
768662583,"Vegetables","Offline","C","7/22/2012","08-10-2012"
544219195,"Cereal","Online","M","2/22/2015","03-09-2015"
669978749,"Beverages","Offline","L","02-10-2011","3/20/2011"
889740073,"Cosmetics","Offline","L","1/21/2015","1/26/2015"
567614495,"Beverages","Online","M","05-10-2012","6/28/2012"
938025844,"Vegetables","Offline","M","12/16/2015","1/21/2016"
155710446,"Vegetables","Online","C","2/25/2017","2/25/2017"
945717132,"Baby Food","Online","L","1/31/2012","2/13/2012"
253407227,"Cosmetics","Offline","C","02-07-2013","2/15/2013"
494454562,"Household","Offline","H","9/14/2014","9/22/2014"
104845464,"Cereal","Online","M","06-05-2012","7/24/2012"
290878760,"Cosmetics","Online","M","04-05-2014","04-07-2014"
979165780,"Office Supplies","Offline","C","02-02-2014","02-10-2014"
366630351,"Office Supplies","Offline","C","09-01-2010","10-12-2010"
770508801,"Office Supplies","Online","C","5/17/2011","6/25/2011"
978349959,"Beverages","Offline","M","4/21/2013","5/21/2013"
298015153,"Beverages","Offline","L","08-10-2014","8/14/2014"
807678210,"Snacks","Online","M","9/19/2010","10/30/2010"
605825459,"Personal Care","Offline","C","4/13/2013","5/14/2013"
561255729,"Fruits","Online","C","1/28/2016","02-01-2016"
263080346,"Clothes","Online","H","12-09-2013","12/14/2013"
270723140,"Cereal","Offline","C","2/21/2014","03-09-2014"
763920438,"Clothes","Offline","H","06-09-2017","07-10-2017"
192721068,"Household","Online","L","4/17/2014","5/20/2014"
227486360,"Fruits","Offline","L","5/20/2011","06-08-2011"
808890140,"Vegetables","Online","M","8/28/2012","9/22/2012"
597918736,"Cosmetics","Offline","C","7/25/2015","09-11-2015"
125870978,"Cosmetics","Online","H","10/27/2014","11/20/2014"
444358193,"Household","Online","H","10/18/2013","10/21/2013"
875304210,"Beverages","Online","C","2/15/2013","03-12-2013"
360945355,"Baby Food","Offline","C","07-08-2014","8/16/2014"
613830459,"Cereal","Offline","C","12-12-2016","1/16/2017"
266820847,"Cereal","Offline","H","11/24/2012","12-10-2012"
723090350,"Baby Food","Offline","M","11-03-2014","11/27/2014"
306125295,"Meat","Offline","M","08-03-2013","8/15/2013"
109724509,"Personal Care","Online","L","5/23/2012","6/16/2012"
847999322,"Clothes","Offline","M","7/22/2015","08-06-2015"
605373561,"Clothes","Online","H","02-01-2017","03-02-2017"
686583554,"Beverages","Online","H","1/28/2012","2/22/2012"
666678130,"Beverages","Offline","M","08-03-2015","9/21/2015"
641018617,"Baby Food","Online","M","6/23/2013","6/30/2013"
775278842,"Meat","Online","C","08-03-2011","9/22/2011"
855445134,"Meat","Offline","M","10/30/2016","12-06-2016"
737816321,"Vegetables","Online","H","09-05-2010","9/21/2010"
799003732,"Beverages","Online","L","7/13/2013","7/14/2013"
585931193,"Vegetables","Online","L","10-09-2012","11/21/2012"
165835034,"Vegetables","Online","M","01-03-2012","01-05-2012"
576264083,"Baby Food","Offline","H","02-08-2012","3/14/2012"
675079667,"Clothes","Offline","L","01-03-2015","01-07-2015"
290455615,"Personal Care","Online","L","5/13/2012","5/28/2012"
670878255,"Snacks","Offline","L","1/13/2012","2/15/2012"
435146415,"Cereal","Online","M","7/30/2011","08-12-2011"
522371423,"Snacks","Online","C","3/13/2017","04-08-2017"
141977107,"Office Supplies","Online","L","3/23/2017","4/18/2017"
823699796,"Baby Food","Offline","L","3/16/2016","4/19/2016"
567588317,"Beverages","Offline","L","12/18/2015","12/26/2015"
594003999,"Fruits","Offline","H","10/25/2011","11/16/2011"
393620669,"Baby Food","Offline","H","6/30/2011","08-02-2011"
877424657,"Cosmetics","Offline","H","3/27/2016","04-10-2016"
326714789,"Household","Offline","M","12/23/2016","1/21/2017"
243102395,"Fruits","Offline","M","4/18/2013","4/18/2013"
398511302,"Household","Offline","L","03-08-2017","4/20/2017"
185177838,"Personal Care","Offline","M","06-03-2011","07-04-2011"
865650832,"Personal Care","Offline","H","11/30/2013","12/31/2013"
622791612,"Cereal","Offline","C","05-11-2013","5/31/2013"
409774005,"Personal Care","Online","L","11/13/2010","11/27/2010"
800084340,"Office Supplies","Online","H","03-09-2016","4/21/2016"
637521445,"Snacks","Offline","M","8/19/2013","09-12-2013"
186196649,"Beverages","Online","L","4/19/2011","5/28/2011"
680533778,"Baby Food","Offline","L","7/20/2014","7/25/2014"
275269162,"Beverages","Online","L","09-08-2014","9/15/2014"
795451629,"Household","Online","C","06-04-2015","6/19/2015"
986442506,"Cereal","Offline","M","12/19/2013","01-01-2014"
563915622,"Cereal","Offline","M","5/18/2012","06-10-2012"
663857305,"Cosmetics","Offline","C","10-12-2013","11/13/2013"
692566382,"Fruits","Online","L","01-02-2011","1/14/2011"
576654183,"Household","Offline","L","02-02-2013","02-03-2013"
313044536,"Baby Food","Offline","H","3/19/2011","4/14/2011"
418973767,"Personal Care","Offline","C","10-03-2012","10/27/2012"
581990706,"Beverages","Online","C","10/23/2014","11/15/2014"
109956681,"Baby Food","Online","H","07-12-2015","7/24/2015"
181045520,"Cereal","Online","L","05-06-2010","5/27/2010"
693743550,"Vegetables","Online","C","11/27/2010","01-09-2011"
716849601,"Clothes","Offline","L","12/26/2010","12/31/2010"
739474999,"Cosmetics","Online","L","12/30/2012","01-01-2013"
421043574,"Personal Care","Online","M","8/21/2016","09-07-2016"
841291654,"Personal Care","Online","M","02-03-2015","3/20/2015"
450268065,"Cereal","Offline","L","12/19/2013","01-04-2014"
918334138,"Meat","Online","L","05-12-2012","06-12-2012"
386163699,"Meat","Offline","M","3/28/2014","4/19/2014"
214743077,"Personal Care","Offline","C","01-11-2017","2/18/2017"
935371100,"Baby Food","Online","M","6/21/2015","07-06-2015"
899659097,"Cosmetics","Offline","H","11/29/2012","12-03-2012"
329530894,"Vegetables","Online","H","01-01-2010","2/13/2010"
867222821,"Meat","Online","H","01-06-2016","02-06-2016"
625283706,"Beverages","Online","M","10/14/2014","10/23/2014"
936574876,"Office Supplies","Offline","C","12-09-2013","01-09-2014"
504270160,"Cereal","Offline","M","10/19/2010","11/25/2010"
351855885,"Personal Care","Offline","M","05-02-2011","06-02-2011"
673130881,"Snacks","Online","H","3/17/2011","3/23/2011"
382206475,"Office Supplies","Offline","H","9/24/2014","10/13/2014"
263506495,"Cereal","Online","H","12-01-2015","12/14/2015"
721767270,"Cereal","Offline","L","06-02-2017","7/18/2017"
432037627,"Cosmetics","Online","M","08-04-2011","8/18/2011"
389678895,"Meat","Offline","C","7/29/2014","8/24/2014"
760364902,"Meat","Online","L","1/26/2017","2/24/2017"
430081975,"Fruits","Offline","C","11-05-2010","12-09-2010"
155128943,"Baby Food","Online","H","3/26/2015","05-05-2015"
312117135,"Clothes","Offline","H","10-07-2012","10/16/2012"
447970378,"Meat","Offline","L","7/22/2013","09-02-2013"
629925000,"Cosmetics","Offline","C","8/16/2013","8/18/2013"
995529830,"Personal Care","Offline","L","11-05-2013","12/17/2013"
402646195,"Office Supplies","Online","L","03-01-2016","3/28/2016"
479447925,"Meat","Offline","M","3/25/2012","04-04-2012"
674421346,"Cosmetics","Offline","H","6/20/2017","6/29/2017"
506365287,"Cosmetics","Online","L","4/18/2014","5/16/2014"
914391076,"Clothes","Online","C","6/28/2016","08-04-2016"
207922542,"Meat","Online","L","5/20/2012","07-01-2012"
816696012,"Office Supplies","Offline","M","02-04-2014","2/16/2014"
740760314,"Beverages","Offline","L","11/15/2015","11/21/2015"
300476777,"Baby Food","Online","C","01-11-2013","2/28/2013"
786519229,"Snacks","Online","L","4/24/2013","06-07-2013"
409873998,"Cosmetics","Offline","C","5/15/2010","06-03-2010"
151839911,"Cosmetics","Offline","H","4/17/2010","5/22/2010"
614028298,"Vegetables","Online","H","8/25/2012","09-09-2012"
668362987,"Household","Offline","L","4/19/2014","5/13/2014"
607080304,"Household","Online","M","2/26/2013","04-05-2013"
792729079,"Baby Food","Online","M","12/28/2011","1/17/2012"
308170640,"Baby Food","Offline","M","8/21/2014","10-10-2014"
106578814,"Vegetables","Online","H","8/21/2014","10-02-2014"
761439931,"Cereal","Online","H","03-02-2014","3/28/2014"
216552817,"Household","Online","L","09-06-2012","9/27/2012"
536028802,"Fruits","Online","H","9/16/2010","9/22/2010"
254291713,"Beverages","Online","L","8/13/2013","8/15/2013"
226077878,"Personal Care","Online","C","09-11-2012","10/23/2012"
476436126,"Office Supplies","Offline","M","8/31/2011","10/15/2011"
650727784,"Cosmetics","Offline","L","4/21/2015","06-06-2015"
464626681,"Household","Offline","C","07-11-2010","7/27/2010"
154119145,"Meat","Offline","C","08-09-2015","9/21/2015"
925504004,"Meat","Online","M","10/17/2015","12-06-2015"
905392587,"Cereal","Offline","L","7/24/2012","8/16/2012"
990708720,"Snacks","Online","C","3/25/2012","05-04-2012"
798688733,"Baby Food","Online","M","08-11-2014","9/18/2014"
916881453,"Cereal","Offline","C","10/15/2016","11/28/2016"
653148210,"Cosmetics","Offline","L","12-03-2016","1/21/2017"
285662829,"Personal Care","Offline","C","06-12-2010","7/13/2010"
612911641,"Vegetables","Online","C","7/29/2016","8/31/2016"
703693473,"Office Supplies","Offline","L","12-09-2013","01-12-2014"
147119653,"Clothes","Online","M","07-12-2012","08-09-2012"
402614009,"Fruits","Online","C","1/14/2012","03-02-2012"
749912869,"Personal Care","Online","C","3/20/2013","4/25/2013"
539065062,"Household","Online","H","02-10-2014","03-10-2014"
540431916,"Snacks","Offline","H","10/26/2013","11/15/2013"
694687259,"Beverages","Online","C","4/16/2016","06-02-2016"
562817418,"Cosmetics","Offline","H","5/27/2011","06-02-2011"
676121222,"Cereal","Online","L","08-04-2016","09-09-2016"
286210000,"Snacks","Offline","L","07-03-2012","08-05-2012"
515007579,"Beverages","Online","L","12-04-2014","01-11-2015"
304750287,"Cosmetics","Offline","C","5/31/2010","06-01-2010"
467986953,"Beverages","Online","H","02-05-2013","2/17/2013"
537578904,"Beverages","Offline","C","6/15/2015","07-09-2015"
116699969,"Vegetables","Offline","L","10/21/2014","11/18/2014"
228836476,"Snacks","Offline","C","2/13/2017","3/13/2017"
167787253,"Vegetables","Offline","C","6/29/2010","7/16/2010"
647663629,"Vegetables","Online","M","5/19/2014","5/20/2014"
652889430,"Meat","Offline","L","3/21/2015","4/15/2015"
588200986,"Office Supplies","Offline","M","8/31/2015","10/15/2015"
928647124,"Personal Care","Online","L","8/23/2015","8/30/2015"
869589173,"Cosmetics","Offline","L","2/24/2016","3/17/2016"
576700961,"Household","Online","C","6/17/2015","7/23/2015"
735968816,"Cereal","Offline","M","11/27/2012","12-06-2012"
303691565,"Snacks","Offline","M","09-07-2012","10/19/2012"
556480538,"Clothes","Offline","C","6/23/2012","08-07-2012"
141259562,"Beverages","Offline","H","10/23/2014","11-11-2014"
925264966,"Cosmetics","Offline","C","9/18/2015","10/18/2015"
346045577,"Office Supplies","Online","H","1/24/2016","2/20/2016"
861462724,"Fruits","Offline","H","3/23/2010","4/19/2010"
499690234,"Personal Care","Online","M","7/26/2012","8/28/2012"
509214437,"Clothes","Online","H","10/20/2015","11-02-2015"
408834159,"Office Supplies","Online","M","6/27/2017","7/18/2017"
237660729,"Beverages","Offline","M","04-04-2016","4/30/2016"
105117976,"Clothes","Online","C","08-05-2015","09-09-2015"
640942227,"Cereal","Offline","L","6/16/2012","07-04-2012"
745182311,"Cosmetics","Online","L","04-03-2016","05-05-2016"
738199555,"Baby Food","Offline","C","9/21/2014","9/21/2014"
110667788,"Snacks","Online","L","08-08-2015","09-10-2015"
673573338,"Office Supplies","Online","C","7/19/2012","7/20/2012"
708215034,"Snacks","Offline","H","8/26/2011","9/13/2011"
816204202,"Household","Online","M","6/23/2012","07-01-2012"
769464671,"Beverages","Offline","L","11/20/2011","12/24/2011"
860232770,"Beverages","Offline","L","5/13/2015","06-04-2015"
551057326,"Personal Care","Offline","C","7/16/2010","8/22/2010"
724799668,"Cosmetics","Online","C","5/21/2016","5/27/2016"
534633624,"Cosmetics","Offline","H","4/22/2011","06-08-2011"
554045522,"Beverages","Offline","H","8/14/2012","9/20/2012"
526834189,"Clothes","Online","C","3/17/2012","05-02-2012"
717110955,"Household","Online","C","08-06-2010","08-09-2010"
559299647,"Baby Food","Offline","L","2/25/2013","3/26/2013"
908136594,"Meat","Online","M","03-06-2011","03-10-2011"
888670623,"Office Supplies","Offline","M","12/14/2015","12/16/2015"
146263062,"Office Supplies","Offline","C","02-10-2017","2/16/2017"
196587741,"Office Supplies","Offline","L","9/20/2016","10/28/2016"
375630986,"Baby Food","Online","M","4/30/2010","06-02-2010"
989691627,"Beverages","Offline","H","6/25/2013","07-10-2013"
165380990,"Household","Offline","H","07-04-2012","7/27/2012"
599622905,"Snacks","Online","C","9/21/2013","10/22/2013"
109653699,"Personal Care","Offline","C","12-08-2016","01-06-2017"
183022201,"Meat","Offline","M","09-02-2011","10/15/2011"
127589738,"Personal Care","Online","L","3/21/2011","04-02-2011"
221530139,"Fruits","Offline","L","01-08-2011","1/26/2011"
363329732,"Office Supplies","Offline","M","2/22/2015","2/22/2015"
521787345,"Fruits","Online","C","5/15/2017","6/25/2017"
286014306,"Meat","Online","L","7/14/2012","8/15/2012"
215434443,"Cereal","Offline","C","6/25/2015","6/30/2015"
489784085,"Snacks","Online","L","10/26/2011","11-01-2011"
459112060,"Office Supplies","Offline","C","9/24/2014","10-12-2014"
893779695,"Office Supplies","Online","C","9/30/2015","11-07-2015"
834460818,"Meat","Offline","M","3/31/2011","3/31/2011"
742141759,"Beverages","Online","C","10/25/2013","10/28/2013"
248121345,"Vegetables","Offline","M","08-12-2010","9/14/2010"
404010903,"Clothes","Offline","M","7/26/2012","09-04-2012"
531734263,"Household","Online","L","9/30/2012","10-12-2012"
473527753,"Baby Food","Online","C","11-09-2012","12/29/2012"
141940200,"Cereal","Offline","M","11/19/2011","01-02-2012"
869832932,"Household","Offline","M","06-09-2017","7/25/2017"
460379779,"Snacks","Online","H","9/17/2011","11-04-2011"
837067067,"Vegetables","Online","C","10/23/2015","10/26/2015"
393693625,"Beverages","Online","C","04-03-2010","04-09-2010"
744370782,"Vegetables","Offline","L","07-03-2014","7/14/2014"
873522365,"Cosmetics","Offline","M","12/30/2014","1/13/2015"
285884702,"Beverages","Online","L","5/19/2014","06-10-2014"
356506621,"Cosmetics","Online","H","08-04-2012","09-03-2012"
280749452,"Baby Food","Offline","L","8/15/2010","10-01-2010"
224287021,"Baby Food","Online","M","4/26/2014","5/17/2014"
873105657,"Fruits","Offline","M","06-10-2015","6/23/2015"
283504188,"Snacks","Offline","C","08-12-2010","09-02-2010"
632093942,"Beverages","Offline","C","8/28/2012","09-05-2012"
565798747,"Meat","Offline","L","7/15/2016","08-09-2016"
151854932,"Vegetables","Online","M","9/14/2010","10/19/2010"
427811324,"Vegetables","Online","H","03-07-2011","4/16/2011"
251529252,"Fruits","Online","L","4/30/2012","05-05-2012"
351182544,"Snacks","Offline","C","5/18/2013","6/22/2013"
175257527,"Meat","Offline","H","08-10-2014","9/25/2014"
142553031,"Snacks","Online","H","7/31/2013","09-11-2013"
292180383,"Fruits","Offline","H","07-02-2016","8/15/2016"
733563411,"Fruits","Offline","L","9/13/2011","9/20/2011"
296438443,"Beverages","Online","H","4/18/2011","4/19/2011"
580854308,"Meat","Offline","C","02-09-2017","3/18/2017"
107172334,"Cosmetics","Offline","H","11/20/2016","12/23/2016"
166066348,"Baby Food","Offline","H","10/16/2010","12-05-2010"
768522679,"Snacks","Offline","H","3/15/2015","3/27/2015"
195840156,"Household","Online","M","6/25/2013","7/25/2013"
849630105,"Cosmetics","Offline","L","10-11-2012","11-09-2012"
701816356,"Fruits","Offline","M","07-08-2017","7/30/2017"
944635236,"Office Supplies","Online","M","6/22/2010","7/27/2010"
140635573,"Vegetables","Online","L","2/17/2017","3/21/2017"
972678697,"Meat","Online","C","1/14/2011","2/25/2011"
793938434,"Fruits","Online","M","01-09-2016","02-08-2016"
177901113,"Baby Food","Online","L","7/18/2011","8/13/2011"
668365561,"Beverages","Online","L","3/16/2012","05-04-2012"
729443109,"Vegetables","Online","C","12/15/2010","01-12-2011"
695557582,"Fruits","Offline","H","03-02-2013","04-03-2013"
521445310,"Household","Offline","H","2/17/2010","04-04-2010"
232155120,"Personal Care","Online","L","2/19/2013","3/30/2013"
373048341,"Beverages","Online","L","10/28/2011","12-12-2011"
659798800,"Office Supplies","Offline","L","10/26/2015","12-02-2015"
428392827,"Household","Online","C","02-05-2013","02-05-2013"
885129249,"Personal Care","Offline","M","8/25/2011","09-03-2011"
156619393,"Meat","Online","C","12-04-2012","12-05-2012"
939787089,"Baby Food","Offline","M","09-08-2015","09-09-2015"
151868665,"Vegetables","Online","C","03-01-2012","4/19/2012"
180412948,"Cereal","Offline","C","08-05-2014","8/24/2014"
333281266,"Fruits","Offline","H","7/24/2013","7/28/2013"
888647449,"Cosmetics","Online","L","1/26/2012","2/28/2012"
844997823,"Clothes","Offline","M","03-10-2014","4/26/2014"
171131217,"Fruits","Online","M","09-12-2013","10-08-2013"
256158959,"Office Supplies","Online","C","01-05-2013","1/18/2013"
759504878,"Cosmetics","Online","H","10/28/2011","12-08-2011"
960905301,"Fruits","Online","C","11/21/2010","11/25/2010"
210409057,"Office Supplies","Offline","C","10/28/2015","12-04-2015"
178377473,"Cosmetics","Offline","C","7/29/2010","09-01-2010"
805484378,"Fruits","Online","M","3/30/2014","05-01-2014"
752716100,"Beverages","Online","C","9/14/2016","10-12-2016"
551371467,"Clothes","Online","M","09-06-2012","9/15/2012"
353061807,"Snacks","Offline","M","02-08-2013","03-05-2013"
379710948,"Personal Care","Online","C","1/17/2011","1/30/2011"
473555219,"Cereal","Online","H","10-11-2015","11-06-2015"
547143447,"Office Supplies","Online","C","2/21/2011","2/23/2011"
133336961,"Personal Care","Online","C","4/29/2012","6/13/2012"
635309588,"Meat","Online","H","8/30/2016","10/14/2016"
376547658,"Beverages","Online","C","12/20/2014","12/26/2014"
450849997,"Clothes","Offline","M","6/28/2010","7/21/2010"
672327935,"Personal Care","Online","M","02-06-2015","02-06-2015"
925405299,"Cereal","Offline","L","3/30/2015","05-01-2015"
714818418,"Household","Offline","H","7/28/2013","8/24/2013"
515616118,"Beverages","Offline","C","01-06-2010","02-05-2010"
423159730,"Cereal","Offline","C","2/20/2013","04-11-2013"
603123080,"Personal Care","Offline","H","8/25/2013","9/29/2013"
841492497,"Meat","Offline","C","11/16/2010","12/31/2010"
994566810,"Cereal","Offline","L","08-02-2016","09-01-2016"
538957345,"Vegetables","Offline","M","4/25/2013","4/25/2013"
821587932,"Fruits","Offline","L","03-02-2011","03-11-2011"
109694898,"Household","Online","C","9/28/2013","10/16/2013"
340827071,"Meat","Offline","M","05-05-2014","06-05-2014"
372845780,"Meat","Offline","L","11/28/2014","12-09-2014"
933924853,"Fruits","Online","M","8/30/2014","9/13/2014"
572550618,"Office Supplies","Online","L","11/20/2013","11/25/2013"
607521903,"Meat","Online","M","2/23/2010","04-05-2010"
177950036,"Snacks","Online","H","3/20/2017","4/29/2017"
293258845,"Beverages","Offline","M","11-08-2015","11/14/2015"
683184659,"Beverages","Online","C","08-09-2010","8/23/2010"
247776305,"Cereal","Online","L","11-12-2010","11/30/2010"
207395112,"Meat","Offline","C","12/14/2011","1/26/2012"
952714908,"Vegetables","Offline","L","01-10-2014","2/25/2014"
694722020,"Vegetables","Online","C","10-03-2010","10-03-2010"
414715278,"Household","Online","H","10/15/2015","11-04-2015"
714306008,"Snacks","Offline","M","7/20/2013","8/17/2013"
465418040,"Snacks","Online","H","1/19/2016","2/26/2016"
860287702,"Cereal","Online","M","8/17/2013","09-11-2013"
461463820,"Vegetables","Online","C","8/16/2016","8/20/2016"
151807725,"Baby Food","Offline","M","9/25/2013","9/29/2013"
884493243,"Meat","Offline","C","8/21/2013","10-02-2013"
533006703,"Cosmetics","Offline","M","12-10-2010","1/23/2011"
641146934,"Vegetables","Online","C","09-04-2012","10-04-2012"
573025262,"Cosmetics","Offline","M","10/15/2011","11/14/2011"
663065516,"Household","Offline","C","8/26/2013","09-09-2013"
866004025,"Beverages","Online","M","2/17/2017","03-04-2017"
306889617,"Baby Food","Online","H","10/19/2010","10/21/2010"
431083619,"Personal Care","Online","M","7/30/2014","08-10-2014"
954259860,"Personal Care","Online","H","5/21/2015","06-04-2015"
312404668,"Personal Care","Offline","C","05-05-2016","6/21/2016"
611816871,"Office Supplies","Offline","C","4/14/2010","5/16/2010"
879107797,"Office Supplies","Online","C","10/26/2013","11-02-2013"
211201274,"Vegetables","Offline","C","7/21/2010","09-09-2010"
925333631,"Fruits","Online","H","06-09-2015","7/25/2015"
909053695,"Snacks","Offline","C","06-03-2010","6/27/2010"
370222795,"Baby Food","Online","L","5/17/2016","06-11-2016"
487014758,"Cosmetics","Offline","H","08-03-2013","8/30/2013"
257915914,"Vegetables","Online","M","9/15/2013","10-06-2013"
551725089,"Meat","Offline","M","07-02-2010","08-10-2010"
957553613,"Meat","Offline","L","12/18/2013","01-10-2014"
234825313,"Office Supplies","Offline","L","3/19/2016","3/23/2016"
363276517,"Snacks","Online","M","06-09-2010","07-09-2010"
692956054,"Personal Care","Online","M","5/21/2017","6/23/2017"
194225251,"Cosmetics","Online","H","06-12-2013","6/19/2013"
607757937,"Fruits","Online","L","2/22/2010","04-05-2010"
594540441,"Cereal","Offline","H","6/29/2012","7/30/2012"
685871589,"Vegetables","Online","L","3/23/2015","04-05-2015"
133362710,"Cereal","Offline","C","02-12-2014","3/23/2014"
958937633,"Clothes","Offline","H","5/22/2017","07-05-2017"
304832684,"Vegetables","Online","C","08-06-2011","09-06-2011"
783596694,"Baby Food","Offline","L","11/14/2010","12/24/2010"
128090989,"Household","Offline","C","04-05-2015","4/27/2015"
641489398,"Vegetables","Offline","M","07-08-2014","7/28/2014"
647278249,"Clothes","Offline","M","08-09-2014","9/16/2014"
339256370,"Clothes","Online","H","3/13/2011","3/31/2011"
431535089,"Baby Food","Offline","M","03-02-2016","3/19/2016"
808538234,"Cereal","Offline","C","12/19/2015","1/16/2016"
975002133,"Personal Care","Online","C","3/28/2013","04-07-2013"
505975615,"Snacks","Online","H","6/27/2015","07-04-2015"
396820008,"Vegetables","Offline","M","2/18/2016","3/20/2016"
813209140,"Vegetables","Online","H","6/14/2013","07-10-2013"
641129338,"Baby Food","Online","M","05-10-2014","5/14/2014"
636879432,"Meat","Offline","C","6/17/2015","07-03-2015"
277070748,"Snacks","Online","C","06-11-2014","07-02-2014"
908627116,"Cosmetics","Offline","H","11-03-2013","11/24/2013"
798784863,"Cosmetics","Offline","C","04-02-2017","05-02-2017"
985092818,"Beverages","Offline","H","5/28/2010","7/17/2010"
325412309,"Snacks","Offline","C","5/22/2010","07-07-2010"
447917163,"Beverages","Online","M","06-02-2016","6/24/2016"
801093709,"Meat","Offline","M","8/22/2013","10-05-2013"
903740775,"Fruits","Offline","H","10-05-2014","10/23/2014"
794969689,"Meat","Offline","L","10/31/2010","11/13/2010"
584204280,"Clothes","Online","L","11/27/2012","01-01-2013"
901180875,"Cereal","Offline","H","5/22/2010","5/26/2010"
645948302,"Snacks","Offline","L","8/31/2012","9/29/2012"
138867890,"Cereal","Online","L","1/23/2015","2/22/2015"
670613467,"Beverages","Offline","L","03-02-2010","3/21/2010"
452171361,"Cosmetics","Offline","L","05-09-2014","5/27/2014"
464840400,"Snacks","Online","H","12/28/2010","02-05-2011"
410231912,"Household","Online","M","10/19/2014","10/24/2014"
960269725,"Meat","Offline","H","1/21/2015","2/22/2015"
607190167,"Beverages","Offline","L","04-04-2017","5/18/2017"
613542068,"Meat","Offline","H","08-05-2016","08-11-2016"
962186753,"Household","Offline","C","11/26/2016","01-12-2017"
806298053,"Beverages","Online","L","9/23/2011","10/24/2011"
719362294,"Personal Care","Online","L","10/24/2010","12-03-2010"
445178306,"Baby Food","Online","H","8/14/2013","9/22/2013"
247857415,"Cosmetics","Offline","C","02-04-2013","2/15/2013"
461823451,"Vegetables","Offline","C","08-11-2014","09-04-2014"
141812741,"Office Supplies","Offline","C","01-12-2017","1/24/2017"
212874114,"Meat","Online","C","07-03-2016","8/17/2016"
320368897,"Office Supplies","Offline","C","3/27/2010","04-02-2010"
179970920,"Beverages","Online","C","06-05-2015","6/25/2015"
927666509,"Household","Online","H","6/27/2012","7/17/2012"
169754493,"Office Supplies","Online","L","12/19/2016","1/20/2017"
532846200,"Personal Care","Offline","M","03-09-2015","4/20/2015"
213865458,"Snacks","Online","C","6/18/2013","7/13/2013"
630048596,"Office Supplies","Online","C","08-12-2011","09-03-2011"
568944442,"Clothes","Offline","H","4/17/2014","4/24/2014"
238414323,"Baby Food","Online","L","02-03-2012","2/27/2012"
816632068,"Office Supplies","Online","L","08-01-2015","9/19/2015"
402084004,"Baby Food","Online","C","09-11-2013","10-05-2013"
763568961,"Snacks","Online","L","05-08-2015","06-07-2015"
590198266,"Snacks","Offline","L","5/22/2015","06-01-2015"
441395747,"Snacks","Online","L","07-03-2013","8/19/2013"
496897733,"Personal Care","Offline","H","6/16/2010","7/21/2010"
106753051,"Beverages","Online","C","11-08-2011","11/14/2011"
941323029,"Fruits","Offline","L","10/17/2016","10/27/2016"
241281497,"Vegetables","Offline","M","02-02-2014","03-03-2014"
267614781,"Meat","Offline","L","4/30/2016","05-12-2016"
651621711,"Cosmetics","Offline","M","8/31/2010","10/16/2010"
644913613,"Personal Care","Online","M","08-08-2015","09-07-2015"
469414317,"Cereal","Offline","H","8/18/2016","8/19/2016"
867360150,"Clothes","Online","L","6/18/2015","07-01-2015"
851299941,"Clothes","Online","L","1/28/2011","02-01-2011"
854095017,"Beverages","Offline","H","02-04-2011","03-04-2011"
478919208,"Vegetables","Offline","C","11-03-2012","11/27/2012"
749258840,"Clothes","Offline","H","9/18/2014","11-05-2014"
958912742,"Baby Food","Offline","H","5/17/2012","6/28/2012"
921992242,"Personal Care","Online","C","2/20/2010","03-04-2010"
522921168,"Vegetables","Online","L","2/28/2017","03-02-2017"
166435849,"Personal Care","Offline","C","5/17/2013","06-07-2013"
327585113,"Baby Food","Offline","L","11-09-2013","11/23/2013"
201730287,"Clothes","Offline","M","01-10-2012","2/19/2012"
854545199,"Fruits","Offline","L","9/24/2013","11-09-2013"
272016179,"Personal Care","Online","M","9/26/2010","11-08-2010"
110442054,"Cereal","Offline","H","10/21/2014","11/20/2014"
746434152,"Household","Offline","C","1/17/2016","02-05-2016"
826916301,"Vegetables","Online","L","12/27/2016","01-07-2017"
419124829,"Beverages","Offline","H","8/30/2013","9/19/2013"
560608565,"Office Supplies","Online","C","07-07-2014","8/24/2014"
109228837,"Office Supplies","Offline","L","11/29/2013","12-07-2013"
693159472,"Clothes","Offline","C","1/29/2011","02-05-2011"
860886800,"Snacks","Offline","L","11/13/2013","11/23/2013"
131209647,"Fruits","Offline","C","04-09-2012","05-03-2012"
343239343,"Office Supplies","Online","H","6/28/2012","7/13/2012"
706399714,"Clothes","Online","H","06-08-2010","7/19/2010"
950427091,"Office Supplies","Online","M","8/23/2010","9/14/2010"
875370299,"Snacks","Offline","H","12-11-2014","12/28/2014"
801590669,"Clothes","Online","C","1/27/2011","3/15/2011"
219762027,"Personal Care","Offline","C","05-07-2014","5/28/2014"
940870702,"Cereal","Offline","C","11-08-2010","11/21/2010"
346215522,"Fruits","Online","M","3/30/2014","05-04-2014"
837407815,"Clothes","Offline","C","07-09-2016","7/20/2016"
386371409,"Meat","Online","L","7/15/2014","7/19/2014"
185342633,"Beverages","Offline","H","10/14/2013","11/24/2013"
596870315,"Snacks","Offline","C","1/13/2017","2/18/2017"
703815782,"Meat","Online","C","12/22/2012","01-07-2013"
559352862,"Personal Care","Online","C","4/16/2010","06-04-2010"
736967885,"Cosmetics","Offline","C","2/27/2011","03-12-2011"
980459678,"Clothes","Offline","C","1/14/2015","02-09-2015"
653939568,"Vegetables","Offline","C","11/16/2014","12-06-2014"
991831386,"Cosmetics","Online","H","1/17/2016","1/29/2016"
148871457,"Cereal","Online","L","5/29/2017","07-06-2017"
850108611,"Fruits","Online","H","02-10-2015","2/25/2015"
940904176,"Office Supplies","Offline","M","12-08-2013","01-07-2014"
136931979,"Office Supplies","Offline","H","12-10-2015","12/13/2015"
474178349,"Beverages","Offline","L","09-04-2016","9/26/2016"
458942115,"Personal Care","Offline","L","7/19/2016","7/29/2016"
917834603,"Beverages","Offline","C","01-09-2017","1/13/2017"
947779643,"Personal Care","Offline","H","11-05-2016","12-05-2016"
166013562,"Clothes","Online","L","10/31/2015","11/26/2015"
960085189,"Beverages","Online","L","1/25/2011","2/13/2011"
837855851,"Cosmetics","Offline","C","11-08-2015","11-08-2015"
977499377,"Snacks","Offline","L","6/24/2010","08-12-2010"
377502095,"Beverages","Online","L","2/27/2014","03-03-2014"
806662833,"Meat","Offline","H","02-05-2013","3/27/2013"
954092919,"Vegetables","Online","H","4/15/2017","05-11-2017"
479216182,"Meat","Online","L","04-09-2011","4/26/2011"
461768949,"Personal Care","Online","H","12/13/2010","12/30/2010"
251800048,"Meat","Online","C","5/13/2014","5/22/2014"
619670808,"Personal Care","Offline","L","1/16/2013","2/25/2013"
606055057,"Household","Offline","H","12-09-2010","1/23/2011"
671939122,"Baby Food","Online","L","1/24/2013","2/14/2013"
448621833,"Cosmetics","Offline","M","2/25/2014","03-03-2014"
987714517,"Fruits","Online","M","7/23/2017","09-11-2017"
711141002,"Household","Online","H","05-07-2016","6/14/2016"
361137616,"Office Supplies","Online","C","3/24/2012","4/18/2012"
750253188,"Household","Offline","H","10-03-2011","11/21/2011"
511349046,"Office Supplies","Online","C","12/22/2014","01-02-2015"
147599017,"Personal Care","Offline","L","8/23/2011","8/28/2011"
682489430,"Beverages","Online","H","4/18/2015","5/23/2015"
509819114,"Vegetables","Offline","M","01-11-2014","2/23/2014"
343699395,"Office Supplies","Offline","M","2/27/2012","04-02-2012"
968554103,"Clothes","Offline","L","04-04-2011","04-08-2011"
989119565,"Beverages","Online","M","12/26/2013","01-06-2014"
880444610,"Vegetables","Offline","M","09-12-2012","10/31/2012"
737890565,"Vegetables","Offline","L","12/19/2015","1/15/2016"
727131259,"Vegetables","Online","M","6/26/2014","08-09-2014"
634153020,"Office Supplies","Offline","L","03-02-2015","03-11-2015"
315254676,"Beverages","Online","H","8/17/2014","09-08-2014"
147047555,"Personal Care","Offline","M","7/19/2010","09-03-2010"
576455485,"Household","Online","L","1/14/2013","2/13/2013"
770714795,"Snacks","Offline","L","7/19/2010","8/26/2010"
867374312,"Cosmetics","Offline","H","07-11-2011","08-03-2011"
624295365,"Fruits","Online","L","05-04-2010","6/23/2010"
769651782,"Clothes","Offline","M","10/13/2013","11-03-2013"
751929891,"Vegetables","Online","C","7/27/2014","08-01-2014"
989928519,"Office Supplies","Online","H","04-04-2010","04-11-2010"
622758996,"Meat","Offline","H","8/17/2014","10-01-2014"
659845149,"Baby Food","Online","H","01-04-2016","1/29/2016"
830923306,"Baby Food","Offline","H","5/17/2011","06-05-2011"
936042296,"Beverages","Offline","L","02-12-2010","3/17/2010"
395563447,"Household","Online","L","2/17/2015","3/30/2015"
500160586,"Meat","Offline","M","06-07-2011","06-07-2011"
360820043,"Fruits","Online","L","5/26/2015","07-02-2015"
958840644,"Snacks","Online","C","5/24/2010","06-02-2010"
195833718,"Baby Food","Online","M","2/21/2011","04-07-2011"
543723094,"Personal Care","Offline","M","6/28/2014","07-02-2014"
494745099,"Cosmetics","Offline","H","10/15/2010","10/30/2010"
411448562,"Vegetables","Online","H","5/18/2010","6/30/2010"
276694810,"Personal Care","Offline","H","02-02-2017","2/16/2017"
143657672,"Office Supplies","Offline","M","11/24/2016","01-08-2017"
585823476,"Baby Food","Online","L","12/23/2011","01-06-2012"
446991050,"Clothes","Online","C","12-05-2016","1/16/2017"
891271722,"Clothes","Offline","M","2/16/2017","2/22/2017"
453089320,"Cosmetics","Online","C","5/18/2010","6/16/2010"
887180173,"Baby Food","Offline","L","09-07-2010","10/18/2010"
418593108,"Cosmetics","Online","L","03-12-2014","3/25/2014"
492689454,"Personal Care","Online","M","7/16/2010","8/16/2010"
825143039,"Cosmetics","Online","M","12-05-2016","12/20/2016"
751940190,"Vegetables","Online","L","10-08-2013","10-10-2013"
579379737,"Baby Food","Offline","H","08-09-2016","8/26/2016"
234073007,"Meat","Online","C","10-06-2011","11/20/2011"
612943828,"Meat","Online","C","2/17/2013","03-01-2013"
433228528,"Fruits","Online","C","12/14/2012","12/21/2012"
282475936,"Fruits","Online","L","11/20/2015","11/28/2015"
368547379,"Meat","Online","M","07-07-2012","07-12-2012"
969616687,"Meat","Offline","H","06-02-2013","6/28/2013"
184170186,"Baby Food","Online","L","02-04-2015","2/17/2015"
681006705,"Fruits","Online","C","4/28/2011","6/14/2011"
249237573,"Baby Food","Online","L","02-01-2012","2/21/2012"
348286616,"Vegetables","Offline","H","1/29/2017","2/13/2017"
257890164,"Clothes","Offline","L","12-01-2011","12/29/2011"
228097045,"Cosmetics","Online","H","05-08-2017","6/17/2017"
129268586,"Cereal","Online","C","05-03-2017","6/21/2017"
802078616,"Cosmetics","Online","M","10/31/2015","12-09-2015"
907513463,"Clothes","Offline","C","04-11-2010","4/19/2010"
976871955,"Vegetables","Online","L","7/17/2010","8/31/2010"
261765420,"Cereal","Offline","C","5/31/2012","7/17/2012"
784117686,"Vegetables","Offline","L","7/15/2016","7/17/2016"
586165082,"Cosmetics","Offline","M","1/14/2017","1/27/2017"
480456435,"Snacks","Online","C","11/26/2012","12/16/2012"
899853074,"Cereal","Online","L","10-03-2011","10/26/2011"
547528827,"Baby Food","Offline","L","11/30/2010","12/15/2010"
446970021,"Vegetables","Online","L","05-08-2016","05-09-2016"
791975486,"Beverages","Offline","H","2/27/2016","3/20/2016"
496656548,"Vegetables","Offline","M","8/24/2014","9/29/2014"
345437037,"Vegetables","Offline","C","5/26/2013","6/30/2013"
743053281,"Vegetables","Offline","H","1/26/2015","2/23/2015"
364554107,"Snacks","Offline","L","01-07-2012","1/18/2012"
205300843,"Cosmetics","Online","H","10/21/2012","12-03-2012"
430967319,"Household","Online","M","9/16/2015","10-05-2015"
827539861,"Meat","Offline","H","6/28/2012","07-01-2012"
351317298,"Snacks","Offline","H","12-02-2014","1/14/2015"
278910958,"Household","Offline","C","02-04-2013","02-04-2013"
157244670,"Cosmetics","Offline","C","2/17/2017","3/15/2017"
953554761,"Beverages","Online","L","6/24/2015","7/28/2015"
105390059,"Cereal","Online","L","7/30/2016","8/25/2016"
970611894,"Cosmetics","Offline","L","10/23/2014","11-10-2014"
677394092,"Baby Food","Offline","M","12/16/2016","12/29/2016"
474222981,"Baby Food","Online","L","9/28/2015","10/26/2015"
779897391,"Snacks","Online","L","4/16/2016","05-05-2016"
733528649,"Snacks","Offline","L","3/27/2017","3/30/2017"
444540584,"Office Supplies","Online","H","6/25/2014","08-02-2014"
542669522,"Clothes","Online","H","7/29/2012","09-11-2012"
827964293,"Fruits","Offline","L","05-04-2013","06-01-2013"
720786225,"Snacks","Offline","M","02-02-2012","2/15/2012"
611809146,"Household","Offline","H","7/24/2016","08-01-2016"
512019383,"Personal Care","Online","M","11-04-2012","12-12-2012"
502715766,"Personal Care","Online","C","08-05-2014","8/17/2014"
285509622,"Office Supplies","Offline","M","10/22/2013","10/28/2013"
532324779,"Beverages","Offline","L","12-01-2014","01-03-2015"
635397565,"Personal Care","Offline","H","11-02-2015","11/21/2015"
957276809,"Cereal","Offline","M","10-07-2011","11-04-2011"
580823838,"Snacks","Online","L","02-09-2014","3/21/2014"
459212481,"Office Supplies","Offline","H","5/29/2016","6/16/2016"
265929067,"Baby Food","Online","L","04-08-2013","5/23/2013"
644772422,"Beverages","Online","H","9/20/2011","10/26/2011"
959853875,"Vegetables","Offline","C","04-12-2012","05-04-2012"
645597255,"Vegetables","Online","C","10-02-2012","10/25/2012"
556738889,"Baby Food","Offline","C","01-02-2012","1/25/2012"
718327605,"Vegetables","Online","M","9/30/2013","11-10-2013"
775724732,"Baby Food","Offline","L","03-10-2015","3/20/2015"
444604098,"Baby Food","Offline","H","10/26/2010","10/31/2010"
860952031,"Beverages","Online","C","05-02-2011","5/13/2011"
531067359,"Meat","Offline","C","2/19/2017","2/20/2017"
281561410,"Cosmetics","Offline","M","7/20/2014","08-02-2014"
109358012,"Personal Care","Offline","L","6/18/2017","07-10-2017"
531693494,"Beverages","Online","L","7/19/2010","08-06-2010"
336116683,"Clothes","Offline","C","08-09-2013","09-04-2013"
630488908,"Cereal","Offline","M","3/23/2017","4/30/2017"
792983996,"Fruits","Online","L","10/31/2016","12-02-2016"
722088277,"Fruits","Online","C","07-03-2016","07-03-2016"
386600577,"Cosmetics","Online","H","01-07-2010","1/29/2010"
275632226,"Beverages","Offline","L","12-06-2014","1/18/2015"
948607051,"Vegetables","Offline","H","10/16/2015","11/27/2015"
785261380,"Cereal","Online","H","05-10-2013","5/26/2013"
935644042,"Cereal","Online","C","3/27/2013","5/15/2013"
370116364,"Snacks","Offline","M","7/13/2014","8/17/2014"
829352176,"Beverages","Online","C","8/16/2013","8/26/2013"
974337804,"Household","Online","M","7/14/2015","08-07-2015"
436372077,"Household","Online","H","12/23/2014","01-03-2015"
267066323,"Cereal","Offline","M","4/27/2015","5/19/2015"
688344371,"Fruits","Online","M","3/14/2017","4/28/2017"
642442548,"Cosmetics","Offline","M","10-02-2014","11-02-2014"
941909682,"Cereal","Online","C","7/13/2014","08-01-2014"
219607102,"Beverages","Offline","C","7/31/2016","8/13/2016"
778708636,"Personal Care","Offline","H","8/30/2010","09-02-2010"
942700612,"Beverages","Online","M","4/22/2010","06-06-2010"
905381858,"Household","Offline","H","03-09-2011","04-08-2011"
480863702,"Meat","Online","C","1/13/2010","1/28/2010"
453569972,"Cosmetics","Online","L","01-06-2016","2/19/2016"
328236997,"Baby Food","Offline","H","8/17/2016","09-10-2016"
579913604,"Personal Care","Offline","C","10/22/2011","10/23/2011"
403961122,"Cosmetics","Online","H","02-12-2010","3/20/2010"
866053378,"Cosmetics","Offline","L","5/29/2017","6/22/2017"
852176702,"Household","Offline","C","4/17/2010","5/13/2010"
218629920,"Baby Food","Online","M","09-08-2015","10/20/2015"
242024362,"Baby Food","Offline","C","2/13/2016","3/17/2016"
469283854,"Snacks","Offline","M","2/16/2014","2/16/2014"
967644727,"Fruits","Online","C","4/22/2013","4/30/2013"
974655807,"Cosmetics","Offline","L","7/15/2014","7/23/2014"
248178422,"Vegetables","Online","M","03-07-2012","3/22/2012"
416386401,"Vegetables","Offline","L","1/14/2013","2/16/2013"
927766072,"Snacks","Offline","L","5/22/2017","6/20/2017"
401116263,"Vegetables","Online","M","3/23/2015","3/31/2015"
675548303,"Fruits","Offline","H","9/28/2012","11-06-2012"
960486018,"Baby Food","Online","L","06-06-2013","07-04-2013"
985665738,"Clothes","Offline","L","04-02-2014","5/19/2014"
551136291,"Clothes","Offline","C","1/13/2017","1/13/2017"
877259004,"Cereal","Online","L","02-03-2017","2/16/2017"
554707705,"Beverages","Offline","M","08-05-2014","9/19/2014"
494468724,"Cereal","Offline","L","10-06-2010","10/23/2010"
777840888,"Personal Care","Online","H","09-10-2011","10/23/2011"
206435525,"Baby Food","Offline","C","12-12-2016","1/27/2017"
352176463,"Office Supplies","Online","C","10/26/2015","12-05-2015"
607300031,"Cosmetics","Offline","C","10/14/2013","10/14/2013"
434355056,"Baby Food","Online","H","8/17/2013","9/28/2013"
716202867,"Fruits","Offline","M","08-07-2011","9/20/2011"
606017291,"Personal Care","Online","H","5/22/2016","06-12-2016"
677284657,"Cereal","Offline","H","1/13/2015","1/15/2015"
673803794,"Fruits","Online","C","7/22/2014","7/29/2014"
859686028,"Cereal","Offline","C","6/25/2015","07-10-2015"
669355189,"Clothes","Online","H","08-10-2015","9/26/2015"
957547605,"Fruits","Offline","L","10/19/2013","11/21/2013"
849312102,"Personal Care","Online","M","10-09-2013","11/23/2013"
890010011,"Personal Care","Offline","H","9/26/2012","10/14/2012"
795315158,"Cereal","Online","H","10-02-2012","10/26/2012"
801213872,"Clothes","Offline","M","12-11-2016","1/28/2017"
314004981,"Fruits","Offline","C","7/26/2010","08-09-2010"
160299813,"Cereal","Online","C","3/27/2010","04-06-2010"
337022197,"Beverages","Offline","C","09-11-2014","9/22/2014"
461408460,"Snacks","Offline","M","03-09-2016","3/15/2016"
221007430,"Office Supplies","Offline","M","10/19/2011","11-10-2011"
723680436,"Snacks","Offline","L","10/31/2014","12/20/2014"
447601306,"Fruits","Offline","L","2/23/2013","03-11-2013"
191256368,"Clothes","Offline","L","10/25/2010","11-09-2010"
823444449,"Vegetables","Offline","L","10-04-2016","10/30/2016"
133276879,"Beverages","Online","C","09-04-2010","10/17/2010"
480177485,"Meat","Online","H","12/22/2014","02-07-2015"
243882596,"Household","Offline","H","04-08-2015","05-11-2015"
574441039,"Cosmetics","Online","L","03-02-2017","04-06-2017"
442214143,"Household","Online","M","3/14/2012","05-03-2012"
687875735,"Clothes","Offline","C","11/22/2011","12-02-2011"
872412145,"Clothes","Offline","H","09-08-2013","9/25/2013"
627122199,"Fruits","Offline","C","4/23/2012","4/29/2012"
103617227,"Fruits","Online","M","2/14/2011","03-12-2011"
423821055,"Vegetables","Offline","M","10-06-2010","10/22/2010"
529970014,"Vegetables","Online","L","12-08-2012","01-03-2013"
334612929,"Personal Care","Offline","H","8/17/2016","10-03-2016"
270611131,"Beverages","Offline","M","4/23/2014","5/24/2014"
841138446,"Office Supplies","Online","C","11/18/2010","12-08-2010"
369681203,"Household","Online","M","4/22/2012","05-09-2012"
850038230,"Household","Offline","M","04-05-2014","4/21/2014"
296320855,"Beverages","Online","M","6/21/2013","7/13/2013"
392952907,"Cosmetics","Offline","L","7/13/2011","8/13/2011"
644670712,"Snacks","Online","M","02-01-2011","3/21/2011"
626523101,"Meat","Online","L","1/27/2012","2/16/2012"
433871400,"Vegetables","Offline","M","6/24/2015","07-01-2015"
232389438,"Snacks","Offline","M","01-03-2012","01-08-2012"
708063542,"Cereal","Offline","H","2/21/2016","3/19/2016"
817192542,"Vegetables","Offline","H","12-04-2016","12/22/2016"
936387765,"Meat","Offline","H","1/16/2012","2/29/2012"
612573039,"Clothes","Offline","H","08-06-2011","08-09-2011"
812984693,"Clothes","Online","M","08-12-2011","8/22/2011"
775171554,"Meat","Offline","C","12/18/2012","01-05-2013"
256994950,"Household","Online","H","01-10-2010","2/19/2010"
886628711,"Beverages","Offline","M","2/28/2017","3/31/2017"
312559163,"Beverages","Online","C","12-08-2011","12/16/2011"
753585135,"Cereal","Online","L","8/18/2014","9/13/2014"
448817956,"Beverages","Offline","H","4/19/2016","4/22/2016"
407681453,"Clothes","Offline","M","11-06-2012","12/24/2012"
359911954,"Snacks","Online","H","5/27/2016","6/23/2016"
105558288,"Office Supplies","Offline","M","8/18/2013","8/19/2013"
864981782,"Personal Care","Offline","H","12/31/2014","02-11-2015"
328856265,"Office Supplies","Online","C","02-04-2013","02-12-2013"
308168065,"Clothes","Offline","H","9/23/2016","10/18/2016"
884216010,"Household","Offline","L","11-01-2016","11-02-2016"
858611428,"Snacks","Offline","M","12/27/2012","01-09-2013"
903278148,"Cereal","Online","L","03-10-2017","04-03-2017"
410452497,"Beverages","Online","L","3/17/2012","3/26/2012"
642683303,"Cereal","Offline","H","12/17/2015","1/20/2016"
682831895,"Beverages","Offline","L","2/18/2017","3/16/2017"
584072101,"Baby Food","Online","L","11-05-2016","11-05-2016"
919890248,"Meat","Offline","C","04-09-2017","5/18/2017"
534085166,"Snacks","Offline","C","4/18/2010","4/25/2010"
590768182,"Baby Food","Offline","H","08-01-2011","09-07-2011"
524363124,"Vegetables","Online","C","05-12-2011","6/28/2011"
289606320,"Household","Offline","L","1/25/2016","2/14/2016"
811546599,"Cereal","Offline","C","04-10-2014","05-08-2014"
